,Identifier,gRNA,Position,Chromosome,Gene,PAM,Strand
0,MIR516B1:19:53736897,AAGAAAGTGCTTCCTTTCAG,53736897,19,MIR516B1,NGG,+
1,MIR4493:11:123381455,TCTGGAGGTAAAGGCATGGC,123381455,11,MIR4493,NGG,-
2,MIR29B1:7:130877461,CCAAGAACACTGATTTCAAA,130877461,7,MIR29B1,NGG,+
3,MIR766:X:119646814,CCTACCACCCAAGCCCAGGT,119646814,X,MIR766,NGG,-
4,MIR597:8:9741701,CTGTGAAGACAGTAAAATGT,9741701,8,MIR597,NGG,-
5,MIR521-2:19:53716655,TTTAGAGTGTTACCGTGTGA,53716655,19,MIR521-2,NGG,-
6,MIR3145:6:138435227,AACACTCAAAATATCTCATT,138435227,6,MIR3145,NGG,-
7,MIR4323:19:42133446,GCCCGAGGTCTGAGGCTGTG,42133446,19,MIR4323,NGG,+
8,MIR4795:3:87226239,TCAATATTATTAGCCACTTC,87226239,3,MIR4795,NGG,+
9,MIR591:7:96219715,ACTATTACAATGAGAACCCA,96219715,7,MIR591,NGG,+
10,MIR4799:4:147782620,CAGTCCTGAGATGCAGGGAC,147782620,4,MIR4799,NGG,+
11,MIR134:14:101054692,GTGTGACTGGTTGACCAGAG,101054692,14,MIR134,NGG,+
12,MIR3158-2:10:101601447,TCTGCTTACAGGTATTGGAA,101601447,10,MIR3158-2,NGG,+
13,MIR29B2:1:207802509,GCTTCCAGAAGAAGAGGATC,207802509,1,MIR29B2,NGG,-
14,MIR3913-2:12:69584795,AAATATTTCAGTTTATTATA,69584795,12,MIR3913-2,NGG,-
15,MIR4437:2:181305602,TGAGCCCACAAGGGTCATCC,181305602,2,MIR4437,NGG,-
16,MIR6885:19:6389694,TCCAGGAACGCCCTTCCTTG,6389694,19,MIR6885,NGG,-
17,MIR6833:6:32179870,CAGATTAAAAACTCCACCCC,32179870,6,MIR6833,NGG,-
18,MIR4482:10:104268381,TAGCCCACTGGGTTGCTCAC,104268381,10,MIR4482,NGG,-
19,MIR484:16:15643317,ATAAACCCCTAAATAGGGAC,15643317,16,MIR484,NGG,-
20,MIR514A2:X:147281994,GATTGTCACTCTCCAGAGTA,147281994,X,MIR514A2,NGG,+
21,MIR105-2:X:152394480,CGATGCACACACAGAAGATC,152394480,X,MIR105-2,NGG,-
22,MIR6805:19:55388166,CCCACACCCAGCATTGGCCT,55388166,19,MIR6805,NGG,+
23,MIR12135:15:73299944,AGCAAGTTGTAGTTTTTTAA,73299944,15,MIR12135,NGG,+
24,MIR34A:1:9151673,CACAACGTGCAGCACTTCTA,9151673,1,MIR34A,NGG,+
25,MIR5011:18:67081629,TAGTTTGGGTACACAGTGCA,67081629,18,MIR5011,NGG,+
26,MIR340:5:180015316,TGGCTATAAAGTAACTGAGA,180015316,5,MIR340,NGG,+
27,MIRLET7I:12:62603761,TGCTAGTGCTGGTGATGCTC,62603761,12,MIRLET7I,NGG,-
28,MIR5000:2:75090894,TACAGGTCTCCCTGCTTCTG,75090894,2,MIR5000,NGG,-
29,MIR6818:22:30007103,CACACAGGCACCAGAGCAAT,30007103,22,MIR6818,NGG,-
30,MIR7158:2:5974704,AAGCGAGCTGAACTAGAGAT,5974704,2,MIR7158,NGG,+
31,MIR4440:2:239068841,ACGACACTTGCTTGGTGAGA,239068841,2,MIR4440,NGG,-
32,MIR4464:6:90312733,AAAAATCAGGAACCTTAGTA,90312733,6,MIR4464,NGG,+
33,MIR5100:10:42997646,CTAACTGGCCACAGGACCTT,42997646,10,MIR5100,NGG,-
34,MIR4646:6:31701010,TGGACAAACTCAAGTAACCT,31701010,6,MIR4646,NGG,+
35,MIR10B:2:176150331,CCTGTAGAACCGAATTTGTG,176150331,2,MIR10B,NGG,+
36,MIR125B1:11:122099805,ACATCACAAGTTAGGGTCTC,122099805,11,MIR125B1,NGG,+
37,MIR1261:11:90869188,TATCCATAGCAAGTCTCTAG,90869188,11,MIR1261,NGG,-
38,MIR133A2:20:62564923,CTTTGCTAGAGCTGGTAAAA,62564923,20,MIR133A2,NGG,+
39,MIR377:14:101062064,TGGTGAATTCGCTTTATTTA,101062064,14,MIR377,NGG,-
40,MIR6511A2:16:16324647,GCAGCGGTGGGCTGCACGTA,16324647,16,MIR6511A2,NGG,-
41,MIR3610:8:116874747,TTCCGATTCACTCAAACAAA,116874747,8,MIR3610,NGG,-
42,MIR4293:10:14383200,TCAGTCAGGCTGTTCCTGTC,14383200,10,MIR4293,NGG,+
43,MIR6840:7:100356679,CTGTTAGAGACGGGCCCAGG,100356679,7,MIR6840,NGG,-
44,MIR3940:19:6416474,GCCCCAACCCACCTCGATCT,6416474,19,MIR3940,NGG,-
45,MIR4757:2:19348441,CTGTGACGTCACGGTGTCTG,19348441,2,MIR4757,NGG,-
46,MIR6826:3:129272223,CTCTCTTTCCTGTTCAGTTT,129272223,3,MIR6826,NGG,-
47,MIR328:16:67202311,GGCCAAGAGCAGGGGACGGA,67202311,16,MIR328,NGG,+
48,MIR4276:4:174423801,TGACTCAGTGACTCATGTGC,174423801,4,MIR4276,NGG,+
49,MIR3667:22:49543437,TCTCCTCAATGGGTCTTTCA,49543437,22,MIR3667,NGG,-
50,MIR379:14:101022121,CTAACTCTCAGTATCCAATC,101022121,14,MIR379,NGG,-
51,MIR4762:22:45760549,TGATCAGAAGCTAGGAAGGC,45760549,22,MIR4762,NGG,-
52,MIR200C:12:6963702,CGTCTTACCCAGCAGTGTTT,6963702,12,MIR200C,NGG,+
53,MIR3910-2:9:91636291,TTTATATCAAGGCACATAAA,91636291,9,MIR3910-2,NGG,-
54,MIR4780:2:88082510,GCCATGCTGGGATCAGTGCT,88082510,2,MIR4780,NGG,+
55,MIR12113:4:11783178,TAGACCTCTGAACTCTATGT,11783178,4,MIR12113,NGG,+
56,MIR212:17:2050326,CAGTAAGCAGTCTAGAGCCA,2050326,17,MIR212,NGG,+
57,MIR6864:17:4969758,TTCAACTTTCCTGGGGTTCC,4969758,17,MIR6864,NGG,-
58,MIR561:2:188297500,CCAGTCCTCCAGGAACATCA,188297500,2,MIR561,NGG,+
59,MIR1290:1:18897078,TGATCCAAAAATCCAAAATC,18897078,1,MIR1290,NGG,-
60,MIR519B:19:53695259,AAGAAAGTGCATCCTTTTAG,53695259,19,MIR519B,NGG,+
61,MIR941-4:20:63919804,GCTGTGTGCACATGTGCCCA,63919804,20,MIR941-4,NGG,-
62,MIR4753:1:235190102,TGTGTAGATATATTTCAGAG,235190102,1,MIR4753,NGG,-
63,MIR5702:2:226658701,AAGTTATCACCCAAAAGTCA,226658701,2,MIR5702,NGG,+
64,MIR6071:2:85783644,GCCGGACCCAGAGCCTTGGC,85783644,2,MIR6071,NGG,+
65,MIR551B:3:168551917,ATACTTGGTTTCAGAGGCTG,168551917,3,MIR551B,NGG,-
66,MIR5698:1:154104562,CACAATCACTGCACTCCCCC,154104562,1,MIR5698,NGG,+
67,MIR3928:22:31160070,AGGTTCCTCCGCTTCCTGCC,31160070,22,MIR3928,NGG,-
68,MIR676:X:70022854,ACGCATGACTCTTCAACCTC,70022854,X,MIR676,NGG,+
69,MIR1295B:1:171101740,AGATCTGCGGCCTAATCACA,171101740,1,MIR1295B,NGG,-
70,MIR1227:19:2234059,AGCTGGGGAAAAGGGTGGCA,2234059,19,MIR1227,NGG,+
71,MIR6800:19:49832064,CCCCCTCCTCACACCTCTCC,49832064,19,MIR6800,NGG,+
72,MIR5691:11:9090336,CAGCTGTCTGTCAGCTTTCT,9090336,11,MIR5691,NGG,+
73,MIR1307:10:103394323,GATTGGCAACACAGACGAGC,103394323,10,MIR1307,NGG,+
74,MIR3935:16:56245594,CCCTAAGCAAAGGCAGAGAA,56245594,16,MIR3935,NGG,-
75,MIR1183:7:21471090,AGAAGACAGGAGTTCACTGT,21471090,7,MIR1183,NGG,+
76,MIR6819:22:36286846,CTGGGGTGGGGACAGAGGCT,36286846,22,MIR6819,NGG,+
77,MIR580:5:36147946,TCTGAGTCTGATGAATCATT,36147946,5,MIR580,NGG,+
78,MIR4425:1:25023545,AAGTGTTGTTGGGATTCAGC,25023545,1,MIR4425,NGG,+
79,MIR584:5:149062321,GGGAGACCAACCAGCCTGGT,149062321,5,MIR584,NGG,+
80,MIR215:1:220117859,AGCACAGTCATACAGAATAT,220117859,1,MIR215,NGG,+
81,MIR6817:22:25455702,TGGCAGCTGGGTGAGCTATG,25455702,22,MIR6817,NGG,-
82,MIR2467:2:239351737,CTCTGCCTCTGCTCTAAGGA,239351737,2,MIR2467,NGG,-
83,MIR135A2:12:97563886,TGAAATACATTGTGAAAAAT,97563886,12,MIR135A2,NGG,-
84,MIR4645:6:2854073,AGGAGACAATATTTCTTGCC,2854073,6,MIR4645,NGG,+
85,MIR4453:4:152536416,CGAGGGCGGCCTGGAGAGCT,152536416,4,MIR4453,NGG,+
86,MIR5706:5:119154628,CAAGGTGAAGCTAGGTCTTC,119154628,5,MIR5706,NGG,+
87,MIR3913-1:12:69584726,TATAATAAACTGAAATATTT,69584726,12,MIR3913-1,NGG,+
88,MIR6878:1:150492330,GTCAGCTAAAGACCATGAGA,150492330,1,MIR6878,NGG,+
89,MIR29C:1:207801889,AAAAACAGACTCTGAACACC,207801889,1,MIR29C,NGG,+
90,MIR4758:20:62332536,CACCGGCTCCCACTCACCTG,62332536,20,MIR4758,NGG,-
91,MIR4712:15:50360324,TAAAGACAGGATTCCAGTAC,50360324,15,MIR4712,NGG,+
92,MIR4761:22:19963832,CCCCACCAGGTGTTCACACC,19963832,22,MIR4761,NGG,-
93,MIR5586:14:59646967,GCTTGTCACTCTGTGCCCCA,59646967,14,MIR5586,NGG,-
94,MIR4788:3:134437829,GAAGGATTACGGACCAGCTA,134437829,3,MIR4788,NGG,+
95,MIR3678:17:75406077,TACAAACTCTGCTGTGTTGA,75406077,17,MIR3678,NGG,-
96,MIR663A:20:26208261,GGGACGCCGGAAGGCCCTCG,26208261,20,MIR663A,NGG,-
97,MIR4433B:2:64340773,CCCCCCACTCCTGTTTCTGG,64340773,2,MIR4433B,NGG,-
98,MIR34A:1:9151738,GCTAAGACACTGCCAAAGAA,9151738,1,MIR34A,NGG,-
99,MIR658:22:37844303,CCGCCCTGAGTCGTGCTGTC,37844303,22,MIR658,NGG,-
100,MIR4696:11:74720318,TCTTGCAGTGGCTTTGGACT,74720318,11,MIR4696,NGG,-
101,MIR7109:22:31621457,ATCCGATGGGCTAATCTGGA,31621457,22,MIR7109,NGG,+
102,MIR1323:19:53671968,CTGAGGTCCTCAAAACTGAG,53671968,19,MIR1323,NGG,+
103,MIR938:10:29602306,GTGCACTGGGTTCACCTTTA,29602306,10,MIR938,NGG,+
104,MIR548BB:3:60617815,CAAAAGTAACTATGGTTTTT,60617815,3,MIR548BB,NGG,+
105,MIR4429:2:11540661,AGCTTTTCTCCCTTCAGTAA,11540661,2,MIR4429,NGG,-
106,MIR4746:19:4446037,ACACTCACCAGCCCGCACTC,4446037,19,MIR4746,NGG,-
107,MIR4739:17:79707219,CTCCGCTCCTCCTCCCTTCT,79707219,17,MIR4739,NGG,-
108,MIRLET7C:21:16539819,AGCTGTGTGCATCCGGGTTG,16539819,21,MIRLET7C,NGG,+
109,MIR190A:15:62824025,ACAGTGTCTTGCCCTGTCTC,62824025,15,MIR190A,NGG,-
110,MIR3913-1:12:69584795,AAATATTTCAGTTTATTATA,69584795,12,MIR3913-1,NGG,-
111,MIR376A2:14:101040089,TCTATGGTTACGTGTTTGAT,101040089,14,MIR376A2,NGG,-
112,MIR3192:20:18470606,AAGACAGAGGAAGGGATTCT,18470606,20,MIR3192,NGG,+
113,MIR4691:11:68033932,TGATGTCTCTACTCCAGCCA,68033932,11,MIR4691,NGG,-
114,MIR1258:2:179860852,AATCCTAACTCCAGGGACTC,179860852,2,MIR1258,NGG,-
115,MIR5008:1:227941633,GATGGCACCACTGTGCCCCA,227941633,1,MIR5008,NGG,+
116,MIR1296:10:63373027,TAACCCAGTTAGGTAGGTGA,63373027,10,MIR1296,NGG,-
117,MIR199A1:19:10817431,ATGTGCAGACTACTGTACAC,10817431,19,MIR199A1,NGG,-
118,MIR3689E:9:134850635,CCCAGGAGGCATGGGATCAG,134850635,9,MIR3689E,NGG,-
119,MIR6775:16:87834634,CCTCCCTCCCCCATGCCCCG,87834634,16,MIR6775,NGG,+
120,MIR8089:5:181043423,TGTCCCCAGGAGGTGGCAGC,181043423,5,MIR8089,NGG,-
121,MIR190B:1:154193715,ATATCAAACATATCACACAG,154193715,1,MIR190B,NGG,-
122,MIR190B:1:154193676,GAATATGTTTGACATTTAGT,154193676,1,MIR190B,NGG,+
123,MIR579:5:32394445,CGATTACTTTTGCATTAACC,32394445,5,MIR579,NGG,-
124,MIR6843:8:27610617,TCATGGGAACAGCTAGACAG,27610617,8,MIR6843,NGG,-
125,MIR1236:6:31956837,GCTGGAGAGACAAGGGGAAG,31956837,6,MIR1236,NGG,+
126,MIR664A:1:220200587,ATCATTTTCCCTAGCCAGTT,220200587,1,MIR664A,NGG,-
127,MIR3681:2:12199120,CACTTGTCTACTTCCAGTAG,12199120,2,MIR3681,NGG,+
128,MIR767:X:152393493,TGGTGCATGAGCAAAAACCT,152393493,X,MIR767,NGG,-
129,MIR519A1:19:53752457,TTTAGAGTGTTACTGTTTGA,53752457,19,MIR519A1,NGG,-
130,MIR6080:17:64780783,TGGGGCTGGTTGTCTAGTGC,64780783,17,MIR6080,NGG,+
131,MIR5196:19:35345584,CGTCTCCCTCCCAGGTTAGA,35345584,19,MIR5196,NGG,-
132,MIR3621:9:137169249,GCGTCCCCAGCAGCTCACCT,137169249,9,MIR3621,NGG,-
133,MIR141:12:6964153,CTAACACTGTCTGGTAAAGA,6964153,12,MIR141,NGG,+
134,MIR8052:11:130666735,GGAGGGCTGCGGGACTGTAG,130666735,11,MIR8052,NGG,+
135,MIR4298:11:1859504,CTGCCTCCTCCTCCTGTCCC,1859504,11,MIR4298,NGG,+
136,MIR885:3:10394511,CTGCCTCTCATGGAGAAGAG,10394511,3,MIR885,NGG,-
137,MIR548AS:13:92490203,ACAATTATGTTTGTACCAGC,92490203,13,MIR548AS,NGG,-
138,MIR4799:4:147782619,GTCCTGAGATGCAGGGACTG,147782619,4,MIR4799,NGG,-
139,MIR625:14:65471096,TGGTAAGGGTAGAGGGATGA,65471096,14,MIR625,NGG,+
140,MIR6791:19:6736714,GAGACCAAGGAGGCAGAGGC,6736714,19,MIR6791,NGG,-
141,MIR132:17:2049962,ACAGTAACAATCGAAAGCCA,2049962,17,MIR132,NGG,+
142,MIR551B:3:168551865,CTGGCCCATGAAATCAAGCG,168551865,3,MIR551B,NGG,+
143,MIR711:3:48578932,CAGCTTTGCCTGCAGCACCC,48578932,3,MIR711,NGG,-
144,MIR6854:9:98229203,GAGCTTGCTTTAGAAGCACC,98229203,9,MIR6854,NGG,-
145,MIR4757:2:19348468,AGGAGACCATGACGTCACAG,19348468,2,MIR4757,NGG,+
146,MIR9985:Y:4606137,TATTCACAGTGGCTAAGCTA,4606137,Y,MIR9985,NGG,+
147,MIR7702:9:111271175,CCTGAAACTGCATGTCCTCA,111271175,9,MIR7702,NGG,+
148,MIR4287:8:27886079,GGAACTGAAAAGTGCCCTCA,27886079,8,MIR4287,NGG,+
149,MIR302B:4:112648535,TGTTAAAGTTGAAGGGAGCC,112648535,4,MIR302B,NGG,-
150,MIR2467:2:239351773,AGGCTAACAGAGCCTCAGGT,239351773,2,MIR2467,NGG,-
151,MIR4449:4:52712722,GGGGCTGCGCGAGGCACAGG,52712722,4,MIR4449,NGG,-
152,MIR4700:12:120723184,CTATGATGTCAGTGAGGTCT,120723184,12,MIR4700,NGG,+
153,MIR4691:11:68033952,CGGACTGAGAGTGCATAGGA,68033952,11,MIR4691,NGG,-
154,MIR4716:15:49169081,TGTTTCCTTCCCCCTTCCTC,49169081,15,MIR4716,NGG,-
155,MIR3173:14:95137936,CCTTTGTTCTCATAAAATCA,95137936,14,MIR3173,NGG,-
156,MIR12115:4:22515305,CTTTGCAAACTAGTGGAGCT,22515305,4,MIR12115,NGG,+
157,MIR6865:17:4970141,ATGGATGGCTACGAAGGAAA,4970141,17,MIR6865,NGG,-
158,MIR6862-2:16:28724237,GAGGGCGCGTTATCCGAAGC,28724237,16,MIR6862-2,NGG,+
159,MIR4708:14:65335144,CCTGTTCAAGGAGCAAGGCG,65335144,14,MIR4708,NGG,-
160,MIR374C:X:74218569,GCTAAGTGCTAGGACACTTA,74218569,X,MIR374C,NGG,-
161,MIR4436B2:2:110284885,AATGGTGGAGCAGATTCGAG,110284885,2,MIR4436B2,NGG,-
162,MIR6821:22:49962860,TCCAGGTGCGTGGTGGCTCG,49962860,22,MIR6821,NGG,+
163,MIR25:7:100093575,AGACAAGTGCAATGCCCAGG,100093575,7,MIR25,NGG,-
164,MIR1909:19:1816184,GCGCAGGGACGGCCCCAGGG,1816184,19,MIR1909,NGG,-
165,MIR10B:2:176150363,AGTCACAGATTCGATTCTAG,176150363,2,MIR10B,NGG,+
166,MIR4267:2:110070019,CCGAGCTGGAGCCTGCTGAG,110070019,2,MIR4267,NGG,-
167,MIR4704:13:66218244,ATCTTCTTATCCTAGACACT,66218244,13,MIR4704,NGG,+
168,MIR206:6:52144399,ATGGAATGTAAGGAAGTGTG,52144399,6,MIR206,NGG,+
169,MIR561:2:188297564,TGAAGTTCCTGGGGGAACCA,188297564,2,MIR561,NGG,-
170,MIR4663:8:123215839,TGGAGCTCAGCTCCACCACA,123215839,8,MIR4663,NGG,-
171,MIR4999:19:8389345,GACAATACAGCAGTATGTGT,8389345,19,MIR4999,NGG,-
172,MIR8081:9:106601000,TTCTGAATGAAGTCAATGTC,106601000,9,MIR8081,NGG,-
173,MIR6748:11:62789806,GTTCAGAGTGGTGTGTGGGT,62789806,11,MIR6748,NGG,+
174,MIR1233-1:15:34382115,CAGCTCCCCCTGCCGTGCCC,34382115,15,MIR1233-1,NGG,+
175,MIR4635:5:1062924,GTGTTGTCGGCGTGATCCAA,1062924,5,MIR4635,NGG,-
176,MIR4742:1:224398306,GATGAAATATCTTCATTTTC,224398306,1,MIR4742,NGG,-
177,MIR6837:7:44051809,TCACTGTGACTCTGCTGCAG,44051809,7,MIR6837,NGG,+
178,MIR7846:1:12167007,CGCAGCGGAGCCTGGAGAGA,12167007,1,MIR7846,NGG,+
179,MIR199A1:19:10817468,GAACAGGTAGTCTGAACACT,10817468,19,MIR199A1,NGG,+
180,MIR4317:18:6374403,TGGCAATGTCTCGCCTTTTA,6374403,18,MIR4317,NGG,-
181,MIR619:12:108836904,ACTCTGCAAACTGACAGTAC,108836904,12,MIR619,NGG,+
182,MIR4735:1:196582416,ATGTCTAATTTGAGCACCTT,196582416,1,MIR4735,NGG,+
183,MIR3192:20:18470670,TCTCAGCTCTTTCCTTCTGA,18470670,20,MIR3192,NGG,-
184,MIR6715A:10:112299664,GTCGTGCCTGTGGGCACAAC,112299664,10,MIR6715A,NGG,-
185,MIR1180:17:19344566,GCAGCCGCGGGCTTCGCCCC,19344566,17,MIR1180,NGG,-
186,MIR181A1:1:198859059,TAGCCATAGGGTACAATCAA,198859059,1,MIR181A1,NGG,+
187,MIR3688-1:4:159128875,CTCTTGAAAGTGAAGAGTGT,159128875,4,MIR3688-1,NGG,-
188,MIR4749:19:49854634,TCCTGCCCCCACAGAAGCGC,49854634,19,MIR4749,NGG,-
189,MIR105-1:X:152392228,AGCACATGCTCAAACATCCG,152392228,X,MIR105-1,NGG,+
190,MIR6848:8:144317307,GGGACACCCCAGGGACACTC,144317307,8,MIR6848,NGG,-
191,MIR5093:16:85306247,CATTTCCTAATCCTCCTAGC,85306247,16,MIR5093,NGG,-
192,MIR6501:21:33550651,TGATGGCACAGGAGTTGCCA,33550651,21,MIR6501,NGG,+
193,MIR3065:17:81125923,ACTCAGCACCAGGATATTGT,81125923,17,MIR3065,NGG,+
194,MIR4669:9:134379434,CAGGCATCTGTGTCTGTGTC,134379434,9,MIR4669,NGG,+
195,MIR3161:11:48096806,AGATTGAAGTTGAATAGTGC,48096806,11,MIR3161,NGG,-
196,MIR6734:1:43364641,GATCACCTGAGAGAAGAGTG,43364641,1,MIR6734,NGG,+
197,MIR195:17:7017626,TGGAGCAGCACAGCCAATAT,7017626,17,MIR195,NGG,+
198,MIR6511B2:16:15134122,CACTTCTGCCTGCAGGCCCC,15134122,16,MIR6511B2,NGG,-
199,MIR8058:16:82688968,CCACGGAGAACCAGGGCACC,82688968,16,MIR8058,NGG,+
200,MIR7852:1:107897275,CATATGTATGTAGTAGTCAA,107897275,1,MIR7852,NGG,+
201,MIR3147:7:57405021,CAGGTCCGGGTTGGGCAGTG,57405021,7,MIR3147,NGG,+
202,MIR24-2:19:13836322,CAACTGTGTTTCAGCTCAGT,13836322,19,MIR24-2,NGG,+
203,MIR3688-2:4:159128797,AAGTTCTTCACTTTAAAGAG,159128797,4,MIR3688-2,NGG,+
204,MIR1250:17:81133281,TCACCTGCCAGGCCAGCGGG,81133281,17,MIR1250,NGG,-
205,MIR5197:5:143679868,CCACAGACAATGAGTATCAA,143679868,5,MIR5197,NGG,+
206,MIR519A2:19:53762345,TCAGGCTGTGTCCCTCTACA,53762345,19,MIR519A2,NGG,+
207,MIR3197:21:41167551,AGCTTGGCGAGGGGAGGCGC,41167551,21,MIR3197,NGG,+
208,MIR3126:2:69103672,ATGGGGAAGATGATTATATG,69103672,2,MIR3126,NGG,+
209,MIR770:14:100852409,GTACCACGTGTCAGGGCCAC,100852409,14,MIR770,NGG,-
210,MIR4263:2:27996438,CAACATACTTCAGAATAGAA,27996438,2,MIR4263,NGG,-
211,MIR4732:17:28861711,GCTCTACAGCTCCCTCGCAG,28861711,17,MIR4732,NGG,-
212,MIR4768:X:17425908,ATATGGGAACTGTGATGTCC,17425908,X,MIR4768,NGG,+
213,MIR302B:4:112648479,GATTCACTCCTACTAAAACA,112648479,4,MIR302B,NGG,+
214,MIR449C:5:55172333,ACCTGACACATCCCAGCTTT,55172333,5,MIR449C,NGG,-
215,MIR9900:3:112737145,AAGAGACTGCATCAAGCCTT,112737145,3,MIR9900,NGG,-
216,MIR6792:19:7617433,CACAGGTAAGCAGGGGCTCT,7617433,19,MIR6792,NGG,+
217,MIR7113:11:68032848,CTGCTCTCCCTGAGGCTCCA,68032848,11,MIR7113,NGG,+
218,MIR2276:13:24162467,GTCTGCAAGTGTCAGAGGCG,24162467,13,MIR2276,NGG,+
219,MIR1282:15:43793721,CATGCAGCAGAAGCAGAAAA,43793721,15,MIR1282,NGG,+
220,MIR378B:3:10330252,GGAAAGAGCACTGGACTTGG,10330252,3,MIR378B,NGG,+
221,MIR3691:6:5148296,TCATCCACTACCCAGTGCCT,5148296,6,MIR3691,NGG,-
222,MIR99B:19:51692674,TGTCGGGGGCTCACCATCGC,51692674,19,MIR99B,NGG,-
223,MIR342:14:100109654,GAAACTGGGCTCAAGGTGAG,100109654,14,MIR342,NGG,+
224,MIR4738:17:75784564,CTATGAAACTGAAAACGCGC,75784564,17,MIR4738,NGG,+
225,MIR4636:5:9053848,CTCTCCCATTGCTGGGCTAA,9053848,5,MIR4636,NGG,+
226,MIR3591:18:58451127,TTATCACACTAAATAGCTAC,58451127,18,MIR3591,NGG,-
227,MIR1284:3:71542027,ATAAAATTTAAGAAAAGCCA,71542027,3,MIR1284,NGG,+
228,MIR4507:14:105858135,ACCCAGCTCGGCTTAACCCA,105858135,14,MIR4507,NGG,-
229,MIR618:12:80935782,TGTACGTAATTACACTCAGA,80935782,12,MIR618,NGG,+
230,MIR542:X:134541417,GAGATGTCTGAGATCTGTGC,134541417,X,MIR542,NGG,-
231,MIR320A:8:22245004,CGGGAAGAACCGGGAAGAGA,22245004,8,MIR320A,NGG,+
232,MIR4480:10:12578816,CTGTGATGATTTGCACCAGT,12578816,10,MIR4480,NGG,-
233,MIR4497:12:109833337,GGCCCCACTTACCTCCGGGA,109833337,12,MIR4497,NGG,+
234,MIR548AY:3:32506298,GGTTCGTGCAAGAGTAATCG,32506298,3,MIR548AY,NGG,+
235,MIR3681:2:12199174,CACAGTGCTTCATCCACTAC,12199174,2,MIR3681,NGG,+
236,MIR4709:14:74480155,AACGAATCACTGGATACCAT,74480155,14,MIR4709,NGG,+
237,MIR378I:22:41923280,AGTCCAGTGCTCCCTTCCAA,41923280,22,MIR378I,NGG,-
238,MIR5694:14:67441912,TGATCTGCAGTTGGCTATAA,67441912,14,MIR5694,NGG,-
239,MIR375:2:219001672,CTCAGGTCCGGTTTGTGCGA,219001672,2,MIR375,NGG,+
240,MIR4756:20:54068403,GCAGGACACAAAATATAGGA,54068403,20,MIR4756,NGG,+
241,MIR520A:19:53690896,GAGGGAAGTACTTTCTGTTG,53690896,19,MIR520A,NGG,-
242,MIR494:14:101029672,ATTTATGATGAAACATACAC,101029672,14,MIR494,NGG,+
243,MIR4724:17:31534881,CACGCAAAATGAACTGAACC,31534881,17,MIR4724,NGG,+
244,MIR6841:8:24953778,CGCCTTCCAAGAGTTTCCTG,24953778,8,MIR6841,NGG,+
245,MIR3124:1:248826367,CGGACGCTGGCGGGCTTCGC,248826367,1,MIR3124,NGG,+
246,MIR10A:17:48579869,AGATACGAATTTGTGACCAC,48579869,17,MIR10A,NGG,-
247,MIR4266:2:109313591,AGCCTTGAGTAGGGGCCCCG,109313591,2,MIR4266,NGG,-
248,MIR128-1:2:135665415,TAGCACTGTCTGAGAGGTTT,135665415,2,MIR128-1,NGG,-
249,MIR520D:19:53720146,AGAAAGTGCTTCTCTTTGGT,53720146,19,MIR520D,NGG,+
250,MIR4741:18:22933414,GAGGGGTCGGCTTTCCCACC,22933414,18,MIR4741,NGG,-
251,MIR409:14:101065363,TTTTCGGTATCAAATTCCAC,101065363,14,MIR409,NGG,-
252,MIR196B:7:27169528,ACAACAGGAAACTACCTAAA,27169528,7,MIR196B,NGG,-
253,MIR6715B:10:112299605,TCACGCTGGGCTGCGTCCAC,112299605,10,MIR6715B,NGG,+
254,MIR6853:9:35732911,GTTCTGACTGGGGAAAGCGT,35732911,9,MIR6853,NGG,+
255,MIR3191:19:47226973,ACGGCCCTTGTCAGTGTGGA,47226973,19,MIR3191,NGG,+
256,MIR4446:3:113594903,CTTCAATTTACTCCCAGGGC,113594903,3,MIR4446,NGG,+
257,MIR634:17:66787140,AACTTTGGACAGCATGGATT,66787140,17,MIR634,NGG,-
258,MIR6787:17:82236719,CTCCAGGTCCGCTCTGCAGT,82236719,17,MIR6787,NGG,-
259,MIR6799:19:49791862,GGAGAGGAGGGGAGGTGTGC,49791862,19,MIR6799,NGG,+
260,MIR4321:19:2250701,TGCGGGGGCCTGGCGCGGCT,2250701,19,MIR4321,NGG,-
261,MIRLET7E:19:51692857,CAGGCTGCGCCCTGCACGGG,51692857,19,MIRLET7E,NGG,-
262,MIR6738:1:155951253,CCTGCTGGGCCACAGCTGCC,155951253,1,MIR6738,NGG,+
263,MIR199B:9:128244782,GAACAGATAGTCTAAACACT,128244782,9,MIR199B,NGG,+
264,MIR1265:10:14436569,CGACCTATGGTTTGGGACTC,14436569,10,MIR1265,NGG,+
265,MIR940:16:2271823,GGGCCTGACCCCACTGCTTC,2271823,16,MIR940,NGG,-
266,MIR3937:X:39661274,AACAGGCGGCTGTAGCAATG,39661274,X,MIR3937,NGG,+
267,MIR423:17:30117076,AAATAAAGGAAGTTAGGCTG,30117076,17,MIR423,NGG,+
268,MIR6881:15:74411417,TACCCCAGTGCAGTTCCAGC,74411417,15,MIR6881,NGG,-
269,MIR6767:16:2445435,CCACGTGCTTCTCTTTCCGC,2445435,16,MIR6767,NGG,+
270,MIR4771-2:2:111771070,AATTGTAGGTCAAGTCTGCT,111771070,2,MIR4771-2,NGG,+
271,MIR671:7:151238478,ATGTTTTCCTCCGGTTCTCA,151238478,7,MIR671,NGG,+
272,MIR512-2:19:53669167,GTCTGTGGCACTCAGCCTTG,53669167,19,MIR512-2,NGG,+
273,MIR4706:14:65044683,AATTGCTACGGGGAGCGGGG,65044683,14,MIR4706,NGG,+
274,MIR3934:6:33698175,GGCAGTGAAGTAACTTGCTC,33698175,6,MIR3934,NGG,+
275,MIR2110:10:114174167,AAACCCCTGCGGAGCTGACA,114174167,10,MIR2110,NGG,-
276,MIR6845:8:143837737,GCAGCAAAGGATGAACTCCT,143837737,8,MIR6845,NGG,+
277,MIR577:4:114656765,GTGAAGAGTAGATAAAATAT,114656765,4,MIR577,NGG,+
278,MIR3684:4:98997438,AGTACACGTCCTTTAGATTC,98997438,4,MIR3684,NGG,-
279,MIR6805:19:55388235,CCAGGCAGCCATCCGCAGGG,55388235,19,MIR6805,NGG,-
280,MIR3065:17:81125884,TTCAACAAAATCACTGATGC,81125884,17,MIR3065,NGG,+
281,MIR4717:16:2274630,GGCCACAGCCACCCATGTGT,2274630,16,MIR4717,NGG,+
282,MIR4257:1:150551974,CCCCTACAGGGCCCAGAGGT,150551974,1,MIR4257,NGG,+
283,MIR492:12:94834430,GCGGGACAAGATTCTTGGTG,94834430,12,MIR492,NGG,-
284,MIR6776:17:2692899,ACTGCACCCAGAGCCCGCCT,2692899,17,MIR6776,NGG,-
285,MIR6756:11:119312987,CCCACCTCCAGCCCCACCCT,119312987,11,MIR6756,NGG,+
286,MIR6802:19:55239904,GGCAGCTCTGCTTAGGTGAG,55239904,19,MIR6802,NGG,+
287,MIR181B1:1:198858929,ACAGCAATGAATGTTGATTG,198858929,1,MIR181B1,NGG,-
288,MIR6742:1:228397043,GACCCTAGAGGGGACAACCC,228397043,1,MIR6742,NGG,+
289,MIR3118-1:21:13644786,ATTTTCATAATGCAGTCACA,13644786,21,MIR3118-1,NGG,+
290,MIR4653:7:101159511,AAGGGTTTGCTCTGGAGTTA,101159511,7,MIR4653,NGG,+
291,MIR4308:14:54878133,GGGAAAGATTTCCTCAAAAG,54878133,14,MIR4308,NGG,-
292,MIR1229:5:179798278,TGTGGGAGGGCAGTGGTGAG,179798278,5,MIR1229,NGG,+
293,MIR4745:19:804952,GGACGGCGCCCGCCCTGGCC,804952,19,MIR4745,NGG,-
294,MIR296:20:58817678,CTGGAAGGGTCCTTTCTCCT,58817678,20,MIR296,NGG,-
295,MIR889:14:101047919,TAGTATGGTCTCTATATTTA,101047919,14,MIR889,NGG,-
296,MIR4291:9:93819361,GGGGCTTCAGCAGGAACAGC,93819361,9,MIR4291,NGG,+
297,MIR5193:3:49806146,TCCACTTCAGGTGATGGAAC,49806146,3,MIR5193,NGG,+
298,MIR483:11:2134202,CCTCTCCCCCACAGCAATGC,2134202,11,MIR483,NGG,-
299,MIR10392:11:64878592,GCCCGTCGAAGCGCCCTCTG,64878592,11,MIR10392,NGG,-
300,MIR874:5:137647613,TCTCTCTTACCCTGGTGCGT,137647613,5,MIR874,NGG,+
301,MIR573:4:24520254,ATCAGTTACACATCACTTCA,24520254,4,MIR573,NGG,+
302,MIR8065:16:5632531,TTGTAGGAACAGTTGAATTT,5632531,16,MIR8065,NGG,+
303,MIR888:X:145994784,GAGCCTTCCTTCACCCAAAG,145994784,X,MIR888,NGG,+
304,MIR3660:5:90016652,GTCAGTGCCCATATGAACTA,90016652,5,MIR3660,NGG,-
305,MIR7157:2:140586671,ATGAATGCTGAATGGGGGAC,140586671,2,MIR7157,NGG,-
306,MIR378D2:8:93916087,AGTCCAGTGTTCTCTCCTTG,93916087,8,MIR378D2,NGG,-
307,MIR518C:19:53708744,CTCATGCTGTGACTCTCTGG,53708744,19,MIR518C,NGG,+
308,MIR194-1:1:220118206,CATGGAGTTGCTGTTACACT,220118206,1,MIR194-1,NGG,-
309,MIR3529:15:88611904,GTCTACCTAATGGTGCCAGC,88611904,15,MIR3529,NGG,-
310,MIR4778:2:66358258,AACTCTGCAAAGGAAGAAGA,66358258,2,MIR4778,NGG,+
311,MIR4758:20:62332482,GTGGGGGGAGGGTGGTCAGC,62332482,20,MIR4758,NGG,+
312,MIR151B:14:100109434,TCTAGACTGTGAGCTCCTCG,100109434,14,MIR151B,NGG,+
313,MIR491:9:20716133,TGAGGAGTAGAACACTCCTT,20716133,9,MIR491,NGG,-
314,MIR6861:12:112163245,CTTGGTACATGGTGTGGGCC,112163245,12,MIR6861,NGG,+
315,MIR6786:17:81693849,TTCTGATTCTGCCTCAGAGA,81693849,17,MIR6786,NGG,-
316,MIR147A:9:120244984,GCAGAAGCATTTCCACACAC,120244984,9,MIR147A,NGG,+
317,MIR6801:19:52222011,CACCAGAGTGGCCTGGTCAG,52222011,19,MIR6801,NGG,+
318,MIR6838:7:44073370,ATGTCTTCTGCAACAGAAGC,44073370,7,MIR6838,NGG,+
319,MIR6856:9:130626286,ACCTCCTCCCTGGAAAAGAG,130626286,9,MIR6856,NGG,+
320,MIR1269A:4:66276899,TGCTACTGGCTTCCCTGGTC,66276899,4,MIR1269A,NGG,-
321,MIR1914:20:63941488,CTCCTGCGCTAAGAGGAAGC,63941488,20,MIR1914,NGG,-
322,MIR4277:5:1708857,CGACCCAGAGCCAGACAAGT,1708857,5,MIR4277,NGG,-
323,MIR6888:2:159186879,GATCTGTCTCGATTGTTTCC,159186879,2,MIR6888,NGG,+
324,MIR6879:11:65018509,CAGGGCAGGGAAGGTGGGAG,65018509,11,MIR6879,NGG,+
325,MIR642B:19:45674971,GGATCAAGACACATTTGGAG,45674971,19,MIR642B,NGG,+
326,MIR12120:Y:13479178,GGCTGGGCGGTAAGGAACGC,13479178,Y,MIR12120,NGG,+
327,MIR4639:6:16141544,TGACTGTGAAATTGCTAAGT,16141544,6,MIR4639,NGG,+
328,MIR6855:9:129869664,ACAGGTATCCACCACAGTGG,129869664,9,MIR6855,NGG,-
329,MIR3938:3:55852496,AGCCATCCAACCTGACCACC,55852496,3,MIR3938,NGG,+
330,MIR320C1:18:21683544,TTCCCAGAGTCAGGAAAAGC,21683544,18,MIR320C1,NGG,+
331,MIR4520-2:17:6655464,AATCCTTTTCTGATTTGGAC,6655464,17,MIR4520-2,NGG,-
332,MIR3664:11:70872348,TACCTTCAAGTTTACAGAGG,70872348,11,MIR3664,NGG,-
333,MIR4516:16:2133105,CACATGGGTCAGGAGGGAGA,2133105,16,MIR4516,NGG,+
334,MIR6859-2:1:187939,ATGTTCCTCTCCCACATCAT,187939,1,MIR6859-2,NGG,-
335,MIR6847:8:144079869,GGCAGACCCACAGAGGACAG,144079869,8,MIR6847,NGG,+
336,MIR1248:3:186786675,TCTTGTATAAGCACTGTGCT,186786675,3,MIR1248,NGG,-
337,MIR8075:13:113262962,CCTTGCTGATGGCAGATGTC,113262962,13,MIR8075,NGG,+
338,MIR181B2:9:124693722,TCAACATTCATTGCTGTCGG,124693722,9,MIR181B2,NGG,+
339,MIR298:20:58818287,CCCTGCTTCTGCTGAAGACC,58818287,20,MIR298,NGG,-
340,MIR4523:17:29390678,CGGCTGTGTGAGGACTAGAG,29390678,17,MIR4523,NGG,-
341,MIR485:14:101055451,TCATCAAAGCGAGTCATACA,101055451,14,MIR485,NGG,+
342,MIR6742:1:228397068,TTGTCGCCATGGCCAACAGC,228397068,1,MIR6742,NGG,+
343,MIR3130-1:2:206783270,CAACAGGCTGCACCGGAGAC,206783270,2,MIR3130-1,NGG,+
344,MIR5004:6:33438337,GCTTGGGGGTTAGTGAGGAC,33438337,6,MIR5004,NGG,+
345,MIR92A2:X:134169601,AGGGATGAATGGGCATGAGT,134169601,X,MIR92A2,NGG,-
346,MIR3622B:8:27701742,GTGCACCCTCTATTATATCA,27701742,8,MIR3622B,NGG,-
347,MIR520C:19:53707514,TTTAGAGGGTTACCGTTTGA,53707514,19,MIR520C,NGG,-
348,MIR3177:16:1735021,TGAGACATTCGCGCAGTGCA,1735021,16,MIR3177,NGG,+
349,MIR6735:1:43448525,AGGAATTCCACTGGCAGCCA,43448525,1,MIR6735,NGG,+
350,MIR6749:11:64902429,CTCCCCCAACCCCAGGCCCG,64902429,11,MIR6749,NGG,+
351,MIR451B:17:28861387,TTACCATTACTAAACTCAGT,28861387,17,MIR451B,NGG,-
352,MIR431:14:100881025,TGTCTTGCAGGCCGTCATGC,100881025,14,MIR431,NGG,+
353,MIR517B:19:53721068,TCATGCTGTGACCCTCTAGA,53721068,19,MIR517B,NGG,+
354,MIR6752:11:67490245,TGGAGGGGGGTGTGGAGCCA,67490245,11,MIR6752,NGG,+
355,MIR6827:3:134367785,ACCTGGGCCTGCAGGATCCT,134367785,3,MIR6827,NGG,+
356,MIR7704:2:176188823,TGTCATGCAGCAGCAGCGGC,176188823,2,MIR7704,NGG,+
357,MIR135A1:3:52294255,AGTGAGCAGTAGAATCACAT,52294255,3,MIR135A1,NGG,+
358,MIR200B:1:1167161,ATACTGCCTGGTAATGATGA,1167161,1,MIR200B,NGG,+
359,MIR939:8:144394212,AGGGCCCTGCCCACATACCC,144394212,8,MIR939,NGG,-
360,MIRLET7G:3:52268268,CGCTGTTCCTGGCAAGGCAG,52268268,3,MIRLET7G,NGG,+
361,MIR936:10:104048162,CTACTGTCCCAGTGGCCTTG,104048162,10,MIR936,NGG,-
362,MIR26B:2:218402692,CTGTTCTCCATTACTTGGCT,218402692,2,MIR26B,NGG,+
363,MIR3689D2:9:134850351,GTGAGCGTGGGATCACACCT,134850351,9,MIR3689D2,NGG,-
364,MIR3591:18:58451080,AGAGCTGTGGAGTGTGACAA,58451080,18,MIR3591,NGG,+
365,MIR3085:10:97875839,GAGTGACACATAATCAAACT,97875839,10,MIR3085,NGG,-
366,MIR4533:20:60478102,ACTCGTCATGAGAATGTGGA,60478102,20,MIR4533,NGG,+
367,MIR6814:21:41746774,AGGGAAGGATGCGAGTCAGG,41746774,21,MIR6814,NGG,-
368,MIR4452:4:86542486,CACTTAAGGCCAAGAATTCA,86542486,4,MIR4452,NGG,+
369,MIR6885:19:6389620,TCCCGCTCCAGCCGAGCCTA,6389620,19,MIR6885,NGG,+
370,MIR6867:17:40193656,CTAGGCCTGGACATGGAGGC,40193656,17,MIR6867,NGG,-
371,MIR7156:1:77060178,GCTGCAGCCACTTGGGGAAC,77060178,1,MIR7156,NGG,+
372,MIR6726:1:1296153,CAGCTCCCGCCCCCACAAAC,1296153,1,MIR6726,NGG,-
373,MIR1539:18:49487402,GCGCGTCCCAGATGCCCAAC,49487402,18,MIR1539,NGG,-
374,MIR12119:7:99409188,CTGAGGGGACGGTAGATTTG,99409188,7,MIR12119,NGG,+
375,MIR5701-2:15:21513965,CTTTATTGTCACGTTCTGAT,21513965,15,MIR5701-2,NGG,+
376,MIR6736:1:145850630,CACCCAGCTCAGGTCCCCAG,145850630,1,MIR6736,NGG,-
377,MIR6760:12:111304196,TTCTCCCCAGCGAGCTGAGG,111304196,12,MIR6760,NGG,-
378,MIR523:19:53698446,TATAGAGGGTTACCCTTTGA,53698446,19,MIR523,NGG,-
379,MIR9-3:15:89368084,AAAGTAGAAATGATTCTCAC,89368084,15,MIR9-3,NGG,-
380,MIR3154:9:128244969,TTCTGCCTCCTTTGACGTGG,128244969,9,MIR3154,NGG,-
381,MIR6758:12:57512677,GAAGAGTTAGTGGGCTAGAG,57512677,12,MIR6758,NGG,+
382,MIR5685:6:53277006,GCAGTTATCACGGGCCCCTC,53277006,6,MIR5685,NGG,-
383,MIR513B:X:147199057,CTCAAAAAGGTGACATTTAT,147199057,X,MIR513B,NGG,-
384,MIR4441:2:239085838,TGTACACGAAGGAGACTCTG,239085838,2,MIR4441,NGG,-
385,MIR21:17:59841303,CTCATGGCAACACCAGTCGA,59841303,17,MIR21,NGG,+
386,MIR578:4:165386294,CCTGTAGCTTCTTGTGCTCT,165386294,4,MIR578,NGG,+
387,MIR9983:6:39074358,TTTTTTTGCTGGAACATTTC,39074358,6,MIR9983,NGG,+
388,MIR133A1:18:21825702,GCATAGCTACAGCTGGTTGA,21825702,18,MIR133A1,NGG,+
389,MIR323A:14:101025736,ACTTGGAGAGAGGTGGTCCG,101025736,14,MIR323A,NGG,+
390,MIR4778:2:66358305,TTACAGAATTGGACATGTGA,66358305,2,MIR4778,NGG,-
391,MIR5190:18:13459985,TCCACAGCCAGTGACTGAGC,13459985,18,MIR5190,NGG,+
392,MIR3689C:9:134849315,CCCAGGAACCACGATATCAC,134849315,9,MIR3689C,NGG,-
393,MIR4750:19:49888159,GAAGCACAGAGTGGGCGCTC,49888159,19,MIR4750,NGG,+
394,MIR4774:2:168582992,AACATGTGCCAGAAAACAAC,168582992,2,MIR4774,NGG,-
395,MIR7108:19:2434904,GCTGTCCAGCTGTGGGGAGA,2434904,19,MIR7108,NGG,+
396,MIR3689F:9:134850766,AGCACAGCATCACACGTCCC,134850766,9,MIR3689F,NGG,+
397,MIR330:19:45638995,GCAGAGCGCTGCCTCTCTGC,45638995,19,MIR330,NGG,+
398,MIR3126:2:69103736,TCACACAGATAATTATTTAT,69103736,2,MIR3126,NGG,-
399,MIR5002:3:124132941,CCTCTGGAATTTGGTTTCTG,124132941,3,MIR5002,NGG,+
400,MIR4717:16:2274646,GTGTAGGGGTGGCTACACAT,2274646,16,MIR4717,NGG,+
401,MIR3130-2:2:206783248,GTCTCCGGTGCAGCCTTGAC,206783248,2,MIR3130-2,NGG,-
402,MIR519A2:19:53762405,TTTAGAGTGTTACTGTTTGA,53762405,19,MIR519A2,NGG,-
403,MIR127:14:100883035,CGGATCCGTCTGAGCTTGGC,100883035,14,MIR127,NGG,+
404,MIR4315-2:17:64822070,GAGGGTCCAGCTCAGAAAGC,64822070,17,MIR4315-2,NGG,+
405,MIR346:10:86264740,CAACAGAGAGGCAGGCATGC,86264740,10,MIR346,NGG,+
406,MIR4643:6:91521717,TAAATGCTAAAGCACACTTA,91521717,6,MIR4643,NGG,-
407,MIR365B:17:31575430,GAAAAATGAGGGACTTTCAG,31575430,17,MIR365B,NGG,+
408,MIR7154:11:45691705,ACAACTTGTCCTCCTATCTC,45691705,11,MIR7154,NGG,-
409,MIR1224:3:184241476,CTCTCCTCAGGTGCGGCTGC,184241476,3,MIR1224,NGG,-
410,MIR200A:1:1167905,AGCTTGACTCTAACACTGTC,1167905,1,MIR200A,NGG,+
411,MIR6776:17:2692843,TGCTGGTTACTCAGGGCCTG,2692843,17,MIR6776,NGG,+
412,MIR4773-2:2:151368355,GTTCTGCTTTATTTCATCAA,151368355,2,MIR4773-2,NGG,-
413,MIR4489:11:65649191,GGGGGTGGGGCTAGTGATGC,65649191,11,MIR4489,NGG,+
414,MIR3659:1:38089283,AGACATGAGTGTTGTCTACG,38089283,1,MIR3659,NGG,+
415,MIR6508:21:39447049,TGCATTTCTAGAACTCCTTA,39447049,21,MIR6508,NGG,-
416,MIR6757:12:53056974,TAATCCCTAATCCCCAACAC,53056974,12,MIR6757,NGG,+
417,MIR5590:2:134857822,TACATAGACTTTATTGTGTT,134857822,2,MIR5590,NGG,-
418,MIR486-2:8:41660458,CGAGCTGGGCAGCATGAAGG,41660458,8,MIR486-2,NGG,-
419,MIR6783:17:44934670,CTAACAGGAAGGGCTGCTCT,44934670,17,MIR6783,NGG,-
420,MIR4794:1:64579836,GTATGTTATCTTTTAACATC,64579836,1,MIR4794,NGG,+
421,MIR3666:7:114653389,ACTCCGTGGCAGAGTTCAGC,114653389,7,MIR3666,NGG,-
422,MIR4659A:8:6745179,TGTCTAAGAAGAAAACTTTG,6745179,8,MIR4659A,NGG,-
423,MIR3119-2:1:170151381,ACTATGGCTTTTAACTTTGA,170151381,1,MIR3119-2,NGG,+
424,MIR4698:12:47187878,AGAAGGAGCAAAACTTTCAC,47187878,12,MIR4698,NGG,-
425,MIR625:14:65471169,CATCCCTCTGCCCTCTACCA,65471169,14,MIR625,NGG,-
426,MIR4785:2:160407800,CGGGAGTTCGCGCGCGGAGC,160407800,2,MIR4785,NGG,+
427,MIR4320:18:50126524,AGTTATCTGAAATGTCTACA,50126524,18,MIR4320,NGG,-
428,MIR4270:3:15496285,GACTCCCTGAAGCTATTTGT,15496285,3,MIR4270,NGG,-
429,MIR4649:7:44110841,CCCATTGTCTGGGCGAGGGG,44110841,7,MIR4649,NGG,+
430,MIR4772:2:102432347,GATCAGAGGCAGTCACAGAG,102432347,2,MIR4772,NGG,-
431,MIR513B:X:147199094,AAATGACACCTCCTTGTGAA,147199094,X,MIR513B,NGG,+
432,MIR4305:13:39664091,GGCCTCTAAGAACCCAGAAC,39664091,13,MIR4305,NGG,+
433,MIR16-1:13:50049028,ATATTTACGTGCTGCTAAGG,50049028,13,MIR16-1,NGG,-
434,MIR2681:13:101967678,TGATACTGAAGAGTCTTTGG,101967678,13,MIR2681,NGG,-
435,MIR518F:19:53700015,CTCATGCTGTGACCCTCTAG,53700015,19,MIR518F,NGG,+
436,MIR3680-1:16:21506108,GTGAGTGAGTCCCTCCTTAA,21506108,16,MIR3680-1,NGG,-
437,MIR376C:14:101039718,TTATTTATGGTTAAACATAG,101039718,14,MIR376C,NGG,+
438,MIR944:3:189829968,AAAGAGAAATTATTGTACAT,189829968,3,MIR944,NGG,+
439,MIR3648-1:21:8208484,GGCGGTGGTGGGGGGAGCCG,8208484,21,MIR3648-1,NGG,+
440,MIR5047:17:64501238,CAGCTGCAAGAAAACATACC,64501238,17,MIR5047,NGG,-
441,MIR1587:X:39837548,GCAGATCTGCAATTTGGGCT,39837548,X,MIR1587,NGG,+
442,MIR7855:14:64785650,GTCACAATAGTGCCGAGCTT,64785650,14,MIR7855,NGG,+
443,MIR4722:16:88716331,GCCCACCACCCGGGCCCTTC,88716331,16,MIR4722,NGG,-
444,MIR4650-2:7:72697960,GACATATCTGCAGGAAAAAA,72697960,7,MIR4650-2,NGG,-
445,MIR384:X:76919278,AGGCATTATGAACAATTTCT,76919278,X,MIR384,NGG,+
446,MIR4444-1:2:177212760,TATTGAACTCGAGTTGGAAG,177212760,2,MIR4444-1,NGG,+
447,MIR140:16:69933156,CGGACAGGATACCGGGGCAC,69933156,16,MIR140,NGG,-
448,MIR4457:5:1309327,TGTGAATTGAGCTTTTCTAA,1309327,5,MIR4457,NGG,-
449,MIR885:3:10394517,CCTCTCATGGAGAAGAGGCA,10394517,3,MIR885,NGG,+
450,MIR339:7:1022988,ACGTGAGCTCCTGGAGGACA,1022988,7,MIR339,NGG,+
451,MIR524:19:53711064,TTGGAGTGTTACGGTTTGAG,53711064,19,MIR524,NGG,-
452,MIR5581:1:37500931,TTCGGAACTTCTAGGAGGCA,37500931,1,MIR5581,NGG,+
453,MIR5584:1:44545545,AATTATGCTCCTTGTGGTTT,44545545,1,MIR5584,NGG,-
454,MIR6889:22:41252972,ACAGCACGGGAGCTGGCTCC,41252972,22,MIR6889,NGG,+
455,MIR4284:7:73711339,ATCAAAGTGGGGACTCATGG,73711339,7,MIR4284,NGG,-
456,MIR3175:15:92904388,AGACGGCTCCCCTGGGGGGC,92904388,15,MIR3175,NGG,+
457,MIR10393:15:44717856,ACATCAACATCTTGGTCAGA,44717856,15,MIR10393,NGG,-
458,MIR6866:17:40161982,TTTATCTGTCCTCTAGGAGA,40161982,17,MIR6866,NGG,-
459,MIR6134:X:28495588,CATTCAGCTTCATTTATGCA,28495588,X,MIR6134,NGG,-
460,MIR135A1:3:52294216,GCTGTCCCCGCCGTGCGCCA,52294216,3,MIR135A1,NGG,+
461,MIR320E:19:46709303,GCTTTTCCCCGACTCCAGGA,46709303,19,MIR320E,NGG,-
462,MIR5587:16:535307,GGGCGGCAATGGTCACCTCC,535307,16,MIR5587,NGG,+
463,MIR8071-2:14:105640196,TGATCTCGGTGGACTGGAGT,105640196,14,MIR8071-2,NGG,+
464,MIR4271:3:49274138,TCCTGCAGCCCCCAGGTGGG,49274138,3,MIR4271,NGG,+
465,MIR3162:11:59595077,TGACTTTTTTGGGGAGTGGA,59595077,11,MIR3162,NGG,+
466,MIR6766:15:89326797,ACCCGCTCATCTCCAGAAGG,89326797,15,MIR6766,NGG,-
467,MIR496:14:101060618,TATTTATGATGAGTATTACA,101060618,14,MIR496,NGG,+
468,MIR188:X:50003514,CACATCCCTTGCATGGTGGA,50003514,X,MIR188,NGG,+
469,MIR515-1:19:53679019,AAAGAAAGCACTTTCTGTTG,53679019,19,MIR515-1,NGG,-
470,MIR320C2:18:24321701,TTCCCAGAATTGGGAAAAGC,24321701,18,MIR320C2,NGG,+
471,MIR9-1:1:156420407,AAGATAACAACCAACCCCGC,156420407,1,MIR9-1,NGG,-
472,MIR31:9:21512175,CCTCTCCAGTTCCAAGTTAC,21512175,9,MIR31,NGG,-
473,MIR188:X:50003547,GAAAACCCCTCCCACATGCA,50003547,X,MIR188,NGG,+
474,MIR3125:2:12737358,CGCTGGGTGAGAATGGGTAG,12737358,2,MIR3125,NGG,+
475,MIR6857:X:53405656,CATCTGTAGGCTTCACCTGT,53405656,X,MIR6857,NGG,+
476,MIR8082:4:113152292,GATGGAGCTGGGAATACTCT,113152292,4,MIR8082,NGG,+
477,MIR6799:19:49791900,TCTGCTTCCCCTGCCCTGCA,49791900,19,MIR6799,NGG,+
478,MIR4292:9:136830996,TGGGCCGGCCTTGGTGAGGG,136830996,9,MIR4292,NGG,-
479,MIR10392:11:64878523,GTGCGGAGCCGAGGCGGGGC,64878523,11,MIR10392,NGG,+
480,MIR6529:3:120084573,CTTAAAGAAGTAAAAGGCAC,120084573,3,MIR6529,NGG,+
481,MIR708:11:79402077,GCTAGATTGTAAGCTCCTTG,79402077,11,MIR708,NGG,-
482,MIR4695:1:18883267,GCAGGTACCTCCAGACCCCG,18883267,1,MIR4695,NGG,-
483,MIR223:X:66018954,AAGTGCGGCACATGCTTACC,66018954,X,MIR223,NGG,-
484,MIR9898:12:52898895,CCCTCTGTGGGGTAGGGGAC,52898895,12,MIR9898,NGG,+
485,MIR5189:16:88468943,CTGGGCACAGGCGGATGGAC,88468943,16,MIR5189,NGG,+
486,MIR3670-2:16:16306423,TCTCTAGAGAATCACCCTCA,16306423,16,MIR3670-2,NGG,-
487,MIR103A1:5:168560909,TGTACAATGCTGCTTGATCC,168560909,5,MIR103A1,NGG,-
488,MIR937:8:143812967,GTGGGCAGAGAGTCAGAGCG,143812967,8,MIR937,NGG,+
489,MIR3148:8:29957336,TCTTAACTCCAGAAAGGAGC,29957336,8,MIR3148,NGG,-
490,MIR4514:15:80997452,AATCCTGCCTGTCTCAACCT,80997452,15,MIR4514,NGG,-
491,MIR506:X:147230797,TCCTGAATAAGGCACTACAC,147230797,X,MIR506,NGG,-
492,MIR4460:5:129397115,AGGTAAATTCACAACCACTA,129397115,5,MIR4460,NGG,+
493,MIR4690:11:65636298,ACACGGCAGGTGAGCAGGCG,65636298,11,MIR4690,NGG,+
494,MIR1236:6:31956919,ATTTCCCCTGTCACTCACAG,31956919,6,MIR1236,NGG,-
495,MIR4751:19:49933054,TTTACAAGGCCCGGAGCCAG,49933054,19,MIR4751,NGG,+
496,MIR124-3:20:63178504,GCCCCTCTGCGTGTTCACAG,63178504,20,MIR124-3,NGG,+
497,MIR100:11:122152243,ATAGATACAAGCTTGTGCGG,122152243,11,MIR100,NGG,-
498,MIR495:14:101033792,TATATGTGACGAAACAAACA,101033792,14,MIR495,NGG,+
499,MIR636:17:76736447,GGCGACGCCGCCTAGGGCTG,76736447,17,MIR636,NGG,+
500,MIR6784:17:45114415,AAGCCCCGGCCTGTAACCTC,45114415,17,MIR6784,NGG,-
501,MIR3682:2:53849138,CCACCTGTATCATCATGACA,53849138,2,MIR3682,NGG,-
502,MIR548AT:17:42494814,CAGTAACTTTTGTGCCAACC,42494814,17,MIR548AT,NGG,-
503,MIR6800:19:49832016,AACCTGTAGGTGACAGTCAG,49832016,19,MIR6800,NGG,+
504,MIR554:1:151545816,GACTCAGCCAGTACTGGTCT,151545816,1,MIR554,NGG,-
505,MIR769:19:46018949,GGGCTCTGACCTGAGACCTC,46018949,19,MIR769,NGG,+
506,MIR30C1:1:40757308,ACACTCTCAGCTGTGAGCTC,40757308,1,MIR30C1,NGG,-
507,MIR8061:19:54645308,GAGAGGATGCCTTAGATTAG,54645308,19,MIR8061,NGG,+
508,MIR3150A:8:95072939,CAGCACCTGAACGCCAAGGC,95072939,8,MIR3150A,NGG,-
509,MIR6797:19:41869619,TGGCTCACAGCCAGGAGGGA,41869619,19,MIR6797,NGG,+
510,MIR4796:3:114743465,CTTTACTGCAATGACTTGAG,114743465,3,MIR4796,NGG,-
511,MIR3151:8:103154604,ACAACCTTTGGGGTGATGGG,103154604,8,MIR3151,NGG,+
512,MIR504:X:138667754,ATACAGATAGAGTGCAGACC,138667754,X,MIR504,NGG,+
513,MIR125B2:21:16590285,AACATCACAAGTCAGGCTCT,16590285,21,MIR125B2,NGG,+
514,MIR557:1:168375570,CTGCTGGAGAAGTGTTTGCA,168375570,1,MIR557,NGG,+
515,MIR92B:1:155195237,ATTGCACTCGTCCCGGCCTC,155195237,1,MIR92B,NGG,+
516,MIR4503:14:36952369,GCTTAAATATCTACATTGTC,36952369,14,MIR4503,NGG,-
517,MIR1301:2:25328659,AGGCAGCTGCAACATCCCCA,25328659,2,MIR1301,NGG,-
518,MIR3158-1:10:101601462,TGGAAGGGCTTCCTCTCTGC,101601462,10,MIR3158-1,NGG,+
519,MIR429:1:1169076,TCCGCTGCCTGATCACCGTT,1169076,1,MIR429,NGG,-
520,MIR218-2:5:168768184,TGTTCCGTTTCCATCGTTCC,168768184,5,MIR218-2,NGG,-
521,MIR1185-2:14:101044236,TGATTAATGGCGAATATACA,101044236,14,MIR1185-2,NGG,+
522,MIR370:14:100911131,GGGCACAAGACAGAGAAGCC,100911131,14,MIR370,NGG,+
523,MIR6759:12:57748613,TTTCCTGAGGGGAGAGGCAA,57748613,12,MIR6759,NGG,+
524,MIR6808:1:1339633,AGTGAGGCTGATGGGCCTGC,1339633,1,MIR6808,NGG,+
525,MIR7-2:15:88611912,AATGGTGCCAGCCATCGCAG,88611912,15,MIR7-2,NGG,-
526,MIR181A2:9:124692518,CTGACCGTTGACTGTACCTT,124692518,9,MIR181A2,NGG,-
527,MIR4259:1:159899996,AGACCCAACTGTGACCTCCC,159899996,1,MIR4259,NGG,-
528,MIR6838:7:44073428,TGCAGGAAGACTGAGGGTGG,44073428,7,MIR6838,NGG,-
529,MIR4748:19:10780249,TCTGTGGCTGGCTGAGGTTT,10780249,19,MIR4748,NGG,+
530,MIR6762:12:113291543,GTGTAGACGGGGACCTGCCC,113291543,12,MIR6762,NGG,-
531,MIR4268:2:219906502,AGGTGACATCACATCCTGAG,219906502,2,MIR4268,NGG,+
532,MIR12128:16:85207843,CAAACCCACAGAGGCTTTCA,85207843,16,MIR12128,NGG,+
533,MIR24-2:19:13836307,GTGTACACAAACCAACTGTG,13836307,19,MIR24-2,NGG,-
534,MIR671:7:151238449,GGAAGCCCTGGAGGGGCTGG,151238449,7,MIR671,NGG,+
535,MIR12114:22:50407449,ACTGACCAGGTGGAGGTGTG,50407449,22,MIR12114,NGG,+
536,MIR6871:20:41169029,TGGGAGTTCGGGGTGGTTGC,41169029,20,MIR6871,NGG,+
537,MIR5195:14:106850946,GTTGCCTTAGGGGTTAGGAA,106850946,14,MIR5195,NGG,-
538,MIR892A:X:145996668,GAGCCTTACTCTACGCAGAA,145996668,X,MIR892A,NGG,+
539,MIR3945:4:184851085,CCCCGTCACGTGCATCAACA,184851085,4,MIR3945,NGG,-
540,MIR4327:21:30375357,TGCAAGCCTACCCAGGCCTG,30375357,21,MIR4327,NGG,-
541,MIR1289-2:5:133427634,CACCCAGTGACTCTGTTCAG,133427634,5,MIR1289-2,NGG,-
542,MIR548AO:8:41271109,TAGTTACTTCTGCATCAACC,41271109,8,MIR548AO,NGG,-
543,MIR9718:14:60648676,CCAGTTGCTGACCTGGGTGG,60648676,14,MIR9718,NGG,+
544,MIR656:14:101066781,CTTTCCGATATCGAATCCCA,101066781,14,MIR656,NGG,-
545,MIR4692:11:72783555,GGTGGGACACTCAGGCAGTG,72783555,11,MIR4692,NGG,+
546,MIR6737:1:153962415,AAACAATGGCTACCCTTGCC,153962415,1,MIR6737,NGG,-
547,MIRLET7B:22:46113679,GCCTGGCGGGGTGAGGTAGT,46113679,22,MIRLET7B,NGG,+
548,MIR151A:8:140732622,ACTAGACTGTGAGCTCCTCG,140732622,8,MIR151A,NGG,+
549,MIR302A:4:112648188,AAACATGGAAGCACTTACTT,112648188,4,MIR302A,NGG,-
550,MIR20A:13:91351068,CACTAAAGTGCTTATAGTGC,91351068,13,MIR20A,NGG,+
551,MIR1257:20:61953641,CAAGCACAAGCCCAGGGCCA,61953641,20,MIR1257,NGG,-
552,MIR522:19:53751211,CTCAGGCTGTGTCCCTCTAG,53751211,19,MIR522,NGG,+
553,MIR365A:16:14309290,GGGAAAATGAGGGACTTTTG,14309290,16,MIR365A,NGG,+
554,MIR4491:11:111347818,AAAGTCCAGGCTTGCCCCAG,111347818,11,MIR4491,NGG,-
555,MIR4423:1:85133821,TGCTGTTTAAGCCTAGCATA,85133821,1,MIR4423,NGG,-
556,MIR370:14:100911186,GCTGGGGTGGAACCTGGTCT,100911186,14,MIR370,NGG,-
557,MIR3675:1:16859005,TAACTTATCATCCACCCTTT,16859005,1,MIR3675,NGG,-
558,MIR3922:12:104591675,AAGCACACCTGTGGGACTTC,104591675,12,MIR3922,NGG,+
559,MIR422A:15:63870997,TAAGTCCAGTGCTTCTCTCG,63870997,15,MIR422A,NGG,-
560,MIR3978:X:110082135,GGGTGTGGAGCCAAAATTAG,110082135,X,MIR3978,NGG,-
561,MIR510:X:147272332,ATGTGTTACTCCACTCTTAG,147272332,X,MIR510,NGG,+
562,MIR4435-1:2:87629744,GGGGAACCACAGGCAGCAAA,87629744,2,MIR4435-1,NGG,+
563,MIR563:3:15873837,TGGTAGCCAATATAAGGAAT,15873837,3,MIR563,NGG,-
564,MIR516A1:19:53756741,CTCAGGCTGTGACCTTCTCG,53756741,19,MIR516A1,NGG,+
565,MIR378A:5:149732843,GTGTGTTACCTAGAAATAGC,149732843,5,MIR378A,NGG,-
566,MIR5692A1:7:97963659,CAGTACAAATAATACCACAG,97963659,7,MIR5692A1,NGG,+
567,MIR6894:X:53198937,TCTTGCCCCACTTCCTCCAG,53198937,X,MIR6894,NGG,-
568,MIR6512:2:177313849,CCTTCTTCCAGCTCTTCTAA,177313849,2,MIR6512,NGG,+
569,MIR5571:22:22886280,GTGAACCAAGCAATTCTCAA,22886280,22,MIR5571,NGG,+
570,MIR3714:3:16933211,TGTGACGTGCTCCATCACCG,16933211,3,MIR3714,NGG,-
571,MIR4492:11:118910750,GACAAGTCCCGCCAGGGGCT,118910750,11,MIR4492,NGG,+
572,MIR4487:11:47401014,CTTCAGCCAGAGCTGGCTGA,47401014,11,MIR4487,NGG,+
573,MIR616:12:57519195,ATGACTTCCTATTTCATGTC,57519195,12,MIR616,NGG,-
574,MIR375:2:219001656,AACGAACAAAACGCTCAGGT,219001656,2,MIR375,NGG,-
575,MIRLET7B:22:46113763,TGAGGAGCCCAGTGACACGA,46113763,22,MIRLET7B,NGG,-
576,MIR12132:1:61846139,TATTACTGTGAGAATTATGA,61846139,1,MIR12132,NGG,+
577,MIR4283-1:7:56955849,CAGGATCAGAGTCCCTGGGC,56955849,7,MIR4283-1,NGG,-
578,MIR363:X:134169367,AAGGTCCTGCGGTTTACAGA,134169367,X,MIR363,NGG,+
579,MIR329-2:14:101027094,ACTTGGTGGTACCTGAAGAG,101027094,14,MIR329-2,NGG,+
580,MIR892C:X:145992779,TGACATGTAATCTAAGTGAC,145992779,X,MIR892C,NGG,+
581,MIR302F:18:30298944,TGTTTATAAAAGACATAAAA,30298944,18,MIR302F,NGG,-
582,MIR3925:6:36622484,CTTTCAGTTCTCTTGCTATT,36622484,6,MIR3925,NGG,-
583,MIR4783:2:127423569,CACTGTTAGCGCAATCAGCC,127423569,2,MIR4783,NGG,+
584,MIR193B:16:14303961,AGGCTGTGGTCTCAGAATCG,14303961,16,MIR193B,NGG,+
585,MIR4709:14:74480148,CTTCAACGAATCACTGGATA,74480148,14,MIR4709,NGG,-
586,MIR212:17:2050278,CAGGCGTCGGTGGCCGTGAC,2050278,17,MIR212,NGG,+
587,MIR378G:1:94745894,GTGCCCTATCTGCCACACAA,94745894,1,MIR378G,NGG,-
588,MIR4254:1:31758686,GGCAGACCTACTCACTGCAG,31758686,1,MIR4254,NGG,-
589,MIR3158-1:10:101601444,TCTGCTTACAGGTATTGGAA,101601444,10,MIR3158-1,NGG,-
590,MIR302C:4:112648356,GAGACACCTCCACTGAAACA,112648356,4,MIR302C,NGG,+
591,MIR4677:1:243346206,TGACCTGACCTTCTGTCTGT,243346206,1,MIR4677,NGG,-
592,MIR10396A:21:8987629,GCCGGGCTTCGGCCGGGCCC,8987629,21,MIR10396A,NGG,+
593,MIR219A1:6:33207913,GAGCCGCCGCCCCCAAACCT,33207913,6,MIR219A1,NGG,-
594,MIR600:9:123111545,GGGCAGGGCTGGCCTGAGCA,123111545,9,MIR600,NGG,+
595,MIR4797:3:197293895,CTTACTGAGAGAAAAAACCT,197293895,3,MIR4797,NGG,-
596,MIR96:7:129774756,AAATCGGCCAAGCAGATGGC,129774756,7,MIR96,NGG,-
597,MIR494:14:101029654,TGTTGTCTTCTCTTTATTTA,101029654,14,MIR494,NGG,-
598,MIR6507:10:98924549,TCCTATTCTTCCCTCCCCTT,98924549,10,MIR6507,NGG,-
599,MIR5188:12:124915592,AGCAGGATCCATTCAATAAT,124915592,12,MIR5188,NGG,+
600,MIR941-2:20:63919552,GGCTGTGTGCACATGTGCCC,63919552,20,MIR941-2,NGG,-
601,MIR10527:12:63823653,TCAAGAGCAAAAGCAAATGT,63823653,12,MIR10527,NGG,+
602,MIR1910:16:85741666,AAAGGCGGCAGGCACAGGAC,85741666,16,MIR1910,NGG,+
603,MIR6846:8:144057372,GCCTGAGCAGGAGGCCTGGG,144057372,8,MIR6846,NGG,-
604,MIR6859-4:16:17046,TGTACCTACAGAGGCGACAT,17046,16,MIR6859-4,NGG,+
605,MIR6849:8:144400270,CCCCACCTGGAGGTGGACAC,144400270,8,MIR6849,NGG,+
606,MIR4520-2:17:6655478,GATTTGGACAGAAAACACGC,6655478,17,MIR4520-2,NGG,+
607,MIR10398:6:41733582,CAGGAGGCAGACGGAGAGAA,41733582,6,MIR10398,NGG,+
608,MIR6085:15:62343097,GCAAAAGGTGCTGAAGGGGC,62343097,15,MIR6085,NGG,+
609,MIR4309:14:102539650,GTTCTGGAGTCTAGGATTCC,102539650,14,MIR4309,NGG,+
610,MIR342:14:100109733,TCACCTTGGCCTACTTATCA,100109733,14,MIR342,NGG,-
611,MIR449A:5:55170586,GCTAACAATACACTGCCAGC,55170586,5,MIR449A,NGG,-
612,MIR4731:17:15251681,GCACTGGCAGGGACCTGACC,15251681,17,MIR4731,NGG,-
613,MIR184:15:79209836,TGTTGGACGGAGAACTGATA,79209836,15,MIR184,NGG,+
614,MIR3194:20:51452966,TGCCACCTGCGTTCTTAATG,51452966,20,MIR3194,NGG,-
615,MIR3187:19:813625,CTTGGCCATGGGGCTGCGCG,813625,19,MIR3187,NGG,+
616,MIR3907:7:151433535,GGAGCACCTGCTGGGGGACT,151433535,7,MIR3907,NGG,-
617,MIR4506:14:93948245,ATTTCATAAAGATGGAGCCA,93948245,14,MIR4506,NGG,-
618,MIR92A1:13:91351313,CTTTCTACACAGGTTGGGAT,91351313,13,MIR92A1,NGG,+
619,MIR100:11:122152262,GCGGACTAATACCACAAGTT,122152262,11,MIR100,NGG,+
620,MIR376B:14:101040511,TGTTTTCAGTATCAAATGCT,101040511,14,MIR376B,NGG,-
621,MIR608:10:100974981,ACTGGGCCAAGGTGGGCCAG,100974981,10,MIR608,NGG,+
622,MIR6733:1:43171633,ACATTGCTTCAGGCCATTCT,43171633,1,MIR6733,NGG,+
623,MIR224:X:151958574,CTGGGGCTTTGTAGTCACTA,151958574,X,MIR224,NGG,+
624,MIR1197:14:101025600,GTACGCTTTATTTGTGACGT,101025600,14,MIR1197,NGG,+
625,MIR4536-2:X:55451477,CACTGTATATAAACATAATG,55451477,X,MIR4536-2,NGG,+
626,MIR1264:X:114652712,GTTATGTGGAGGATACAATC,114652712,X,MIR1264,NGG,-
627,MIR6727:1:1312484,GGCCTCAGGGAGCAGCCCTG,1312484,1,MIR6727,NGG,+
628,MIR124-1:8:9903421,TTGTATGGACATTTAAATCA,9903421,8,MIR124-1,NGG,+
629,MIR210:11:568146,GCGCAGTGTGCGGTGGGCAG,568146,11,MIR210,NGG,+
630,MIR7114:9:137450006,GCTCAGCCGCTTCCAGAAGC,137450006,9,MIR7114,NGG,+
631,MIR518A2:19:53739334,TCAAGCTGTGGGTCTGCAAA,53739334,19,MIR518A2,NGG,+
632,MIR3909:22:35335712,CTAGGGCCTGCAGTCTCATG,35335712,22,MIR3909,NGG,-
633,MIR450B:X:134540215,TACACTTATATTACATATTC,134540215,X,MIR450B,NGG,+
634,MIR668:14:101055291,TGGGTGTATGTCACTCGGCT,101055291,14,MIR668,NGG,+
635,MIR3912:5:171386717,TAATATGGACATGTTATAAT,171386717,5,MIR3912,NGG,-
636,MIR3138:4:10078625,CTACCTCACTGTCCACAGTC,10078625,4,MIR3138,NGG,-
637,MIR518A1:19:53731032,TTCTGTTGTCTGAAAGAAGA,53731032,19,MIR518A1,NGG,-
638,MIR6893:8:144435614,GGAGTGGGGAGAGGGCTCTG,144435614,8,MIR6893,NGG,-
639,MIR337:14:100874565,TTCTTCATCCCCTTCAACCA,100874565,14,MIR337,NGG,-
640,MIR3140:4:152489347,AAAAGCTCTTATTTTCAATA,152489347,4,MIR3140,NGG,-
641,MIR8072:12:123364831,TCTTGACGCCCCTCCCCCAG,123364831,12,MIR8072,NGG,-
642,MIR1272:15:64762485,TCATCATCGCACCCAGATCT,64762485,15,MIR1272,NGG,-
643,MIR520E:19:53675761,AGAAAGTGCTTCCTTTTTGA,53675761,19,MIR520E,NGG,+
644,MIR1249:22:45200976,CGTTCCAGCCAGAGGGAACT,45200976,22,MIR1249,NGG,+
645,MIR4296:10:125032853,ACATCAAAGCCCAAACAGCC,125032853,10,MIR4296,NGG,-
646,MIR1913:6:166509355,CAGCCACTTGGCAGCAGCGG,166509355,6,MIR1913,NGG,+
647,MIR6770-3:16:18379364,CCAGGCCCAGGAGGTCACGT,18379364,16,MIR6770-3,NGG,-
648,MIRLET7F2:X:53557262,CATCCCACAGAGCACCAGTG,53557262,X,MIRLET7F2,NGG,-
649,MIR4712:15:50360393,GTACTGTATCTGTTAATTCC,50360393,15,MIR4712,NGG,-
650,MIR3605:1:33332401,CACCTAGAGGACAGGTAACA,33332401,1,MIR3605,NGG,+
651,MIR488:1:177029386,TTCAAACAATTTGGAAACTT,177029386,1,MIR488,NGG,-
652,MIR518F:19:53700064,AAGAAAGCGCTTCTCTTTAG,53700064,19,MIR518F,NGG,+
653,MIR6511A2:16:16324582,CGGGGCCTGCAGGCAGAAGT,16324582,16,MIR6511A2,NGG,+
654,MIR4754:19:58386837,GGTCCGCATCAGGCGCGTGC,58386837,19,MIR4754,NGG,-
655,MIR4761:22:19963737,TTTCGCTGGCGTGAAGGACA,19963737,22,MIR4761,NGG,+
656,MIR3616:20:47167024,ACGAGGGCATTTCATGATGC,47167024,20,MIR3616,NGG,+
657,MIR3184:17:30117146,CAGTCTTGCTTCCTAACCCG,30117146,17,MIR3184,NGG,-
658,MIR4639:6:16141611,TGCTTTGCAGGCATATCTTT,16141611,6,MIR4639,NGG,-
659,MIR509-3:X:147259697,TGATTGCCACGTCTGCAGTA,147259697,X,MIR509-3,NGG,+
660,MIR12121:14:104865323,CCGGGCTGCCACGAGCGTGC,104865323,14,MIR12121,NGG,+
661,MIR3667:22:49543406,TGGAGAGGAAGGTTCTCAGC,49543406,22,MIR3667,NGG,-
662,MIR3129:2:189133103,AGTACGACTTTTTTTTTTTT,189133103,2,MIR3129,NGG,-
663,MIR9-1:1:156420338,TATGGGGTTATTTTTACTTT,156420338,1,MIR9-1,NGG,+
664,MIR101-2:9:4850297,CTGTCCTTTTTCGGTTATCA,4850297,9,MIR101-2,NGG,+
665,MIR5006:13:41568308,GGATGGAAAGGGAAAGGAAG,41568308,13,MIR5006,NGG,-
666,MIR3665:13:77698080,GCACCTGCTGCTGCTGCCGC,77698080,13,MIR3665,NGG,-
667,MIR6504:16:81611333,GGCTCTTCGATCTTGCAGTC,81611333,16,MIR6504,NGG,+
668,MIR2277:5:93620763,GCGCTCAGCCCGCAGGAAGC,93620763,5,MIR2277,NGG,-
669,MIR367:4:112647879,TTGCTAAAGTGCAATTCCAA,112647879,4,MIR367,NGG,-
670,MIR361:X:85903683,CTGGAGATTCTGATAAGCTC,85903683,X,MIR361,NGG,-
671,MIR5089:17:46973007,TCAAATAAAAAGGACTTCAG,46973007,17,MIR5089,NGG,+
672,MIR4682:10:119958511,CTGCCCCTGGTCTGAGTTCC,119958511,10,MIR4682,NGG,+
673,MIR1249:22:45200952,CCAGGTGAAGAAGGGGGGGA,45200952,22,MIR1249,NGG,+
674,MIR505:X:139924165,GCAAGTGTTGACGCTAAACT,139924165,X,MIR505,NGG,-
675,MIR556:1:162342605,TTAGCTCATCTTTTTTATTA,162342605,1,MIR556,NGG,-
676,MIR6829:3:195882387,CGCTGGGCCCCCAGTCCCCT,195882387,3,MIR6829,NGG,-
677,MIR128-2:3:35744517,TAGCAGGTCTCACAGTGAAC,35744517,3,MIR128-2,NGG,+
678,MIR4697:11:133898495,AACACTGAAGACCAAGGGGC,133898495,11,MIR4697,NGG,+
679,MIR4786:2:239943029,GAGCTGGCTTCACCTCATCA,239943029,2,MIR4786,NGG,-
680,MIR4667:9:35608079,AGAGGTTGAGGTTCTGACTG,35608079,9,MIR4667,NGG,+
681,MIR877:6:30584321,GCTAGAGAAGGTAGAGGAGA,30584321,6,MIR877,NGG,+
682,MIR5011:18:67081617,TGCACTCTGTAGTTTGGGTA,67081617,18,MIR5011,NGG,-
683,MIR6755:11:86278319,TTTTCTAATCCGCTGTTTTA,86278319,11,MIR6755,NGG,+
684,MIR2682:1:98045267,CAGGGAAGACAGCGCTGAAG,98045267,1,MIR2682,NGG,+
685,MIR2052:8:74705713,TTTAGTTCAAAGTTACCAGC,74705713,8,MIR2052,NGG,-
686,MIR320B2:1:224257061,GCTTTTCCCAACTTTGGGAA,224257061,1,MIR320B2,NGG,-
687,MIR6883:17:8144990,TGTCTGAGGAGAGTGAGATA,8144990,17,MIR6883,NGG,+
688,MIR4787:3:50675135,CCCACTGCCCCGCGCCGCCT,50675135,3,MIR4787,NGG,-
689,MIR541:14:101064530,AAAGTTCACAGAATGGGTGG,101064530,14,MIR541,NGG,+
690,MIR6082:4:171186205,GTCCACTTAATTCTGAGAAA,171186205,4,MIR6082,NGG,-
691,MIR6886:19:11113479,CAGGTGAGATGAGGGCTCCT,11113479,19,MIR6886,NGG,-
692,MIR217:2:55982974,GATGCTGAAGGCAATGCATT,55982974,2,MIR217,NGG,+
693,MIR6784:17:45114358,GCTGTTCCCTGGGGCAGAGT,45114358,17,MIR6784,NGG,+
694,MIR361:X:85903636,AAGCAAATCAGAATCACACC,85903636,X,MIR361,NGG,+
695,MIR3180-5:16:2136086,CCCCACGCGTTCCCGGGGCG,2136086,16,MIR3180-5,NGG,-
696,MIR5091:4:13627855,AGTGGCGGCGACTGTGGCGA,13627855,4,MIR5091,NGG,+
697,MIR3664:11:70872303,GAGAGCTCGTGTTGGAAGGT,70872303,11,MIR3664,NGG,-
698,MIRLET7I:12:62603672,CGACACCATGGCCCTGGCTG,62603672,12,MIRLET7I,NGG,+
699,MIR3189:19:18386571,CATCTGTGCCCTGGGTAGGA,18386571,19,MIR3189,NGG,-
700,MIR30E:1:40754379,TGACTGGAAGCTGTAAGGTG,40754379,1,MIR30E,NGG,-
701,MIR6884:17:40026390,TCTCAGCCTCTGCGGGCAGC,40026390,17,MIR6884,NGG,-
702,MIR9-2:5:88666917,AAGATAACAACTCGCTTCCC,88666917,5,MIR9-2,NGG,-
703,MIR4722:16:88716262,AGATTAGGGATGACCCTGCA,88716262,16,MIR4722,NGG,+
704,MIR6833:6:32179811,TGGAAAACGGTGTGGAAGAT,32179811,6,MIR6833,NGG,+
705,MIR624:14:31014699,TTCCACTGAACACAAGGTAC,31014699,14,MIR624,NGG,+
706,MIR3654:7:133034861,CAGCTTGTCCAGTCGCTGGA,133034861,7,MIR3654,NGG,-
707,MIR139:11:72615077,CGTCTCCAGCCTCCGAGCCA,72615077,11,MIR139,NGG,-
708,MIR3136:3:69049013,ATTCAGTCAGTTTCATATTA,69049013,3,MIR3136,NGG,-
709,MIR3609:7:98881701,AAGTGATGAGTAATACTGGC,98881701,7,MIR3609,NGG,+
710,MIR651:X:8126962,GAAATCTATCACTGCTTTTT,8126962,X,MIR651,NGG,+
711,MIR16-1:13:50048983,TTCAGCAGCACAGTTAATAC,50048983,13,MIR16-1,NGG,+
712,MIR432:14:100884553,CCATGTCTTGGAGTAGATCA,100884553,14,MIR432,NGG,-
713,MIR371B:19:53787670,GCCTGTGGCACTCAAACTGT,53787670,19,MIR371B,NGG,+
714,MIR6862-1:16:28390979,CACTAGAGGGCCAGAGAGCT,28390979,16,MIR6862-1,NGG,+
715,MIR8054:11:23419165,ATCTGTACTTTCTGCATTGC,23419165,11,MIR8054,NGG,-
716,MIR19B2:X:134169737,GCAAAACTAATTGTAAGTAG,134169737,X,MIR19B2,NGG,-
717,MIR5739:22:28459917,CTGTCCTGCGGAGAGAGAAT,28459917,22,MIR5739,NGG,+
718,MIR3191:19:47226959,GCTACGTCCCCACGGCCCTT,47226959,19,MIR3191,NGG,-
719,MIR675:11:1996751,AGCCAGCCCCAGGGGCTGAG,1996751,11,MIR675,NGG,+
720,MIRLET7F1:9:94176334,AACATTGCTCTATCAGAGTG,94176334,9,MIRLET7F1,NGG,+
721,MIR6129:17:49288421,AACTCCCTCACTGGAATCCT,49288421,17,MIR6129,NGG,-
722,MIR3165:11:72072290,TGCCACCGGGTACCAAAAAT,72072290,11,MIR3165,NGG,-
723,MIR143:5:149428941,GAGGTGCAGTGCTGCATCTC,149428941,5,MIR143,NGG,+
724,MIR617:12:80832585,GGAAATGGCCACCTTCAAAT,80832585,12,MIR617,NGG,+
725,MIR4658:7:100156598,GCGAACGCCACGATTCCTCC,100156598,7,MIR4658,NGG,+
726,MIR520E:19:53675712,TCCTGCTGTGACCCTCAAGA,53675712,19,MIR520E,NGG,+
727,MIR4768:X:17425902,TGGATATGGGAACTGTGATG,17425902,X,MIR4768,NGG,-
728,MIR4673:9:136519601,GGTCCAGTCCGGCTCCTGCC,136519601,9,MIR4673,NGG,+
729,MIR3135A:3:20137575,AGGCTGAGACTGCAGTGGTG,20137575,3,MIR3135A,NGG,-
730,MIR2053:8:112643564,CTATTTACATAGCAAGCAGT,112643564,8,MIR2053,NGG,-
731,MIR1199:19:14073378,GGCCTGAGCCCGGGCCGCGC,14073378,19,MIR1199,NGG,+
732,MIR10A:17:48579891,CAAAATTCCTTACACAAATT,48579891,17,MIR10A,NGG,+
733,MIR3974:12:17673300,TCAGGGAAAAGGTCATTGTA,17673300,12,MIR3974,NGG,+
734,MIR378D1:4:5923287,AGTCCAGTAATAACAACAAG,5923287,4,MIR378D1,NGG,-
735,MIR3074:9:95086028,ACTGAGCTGATATCAGTTCT,95086028,9,MIR3074,NGG,-
736,MIR4672:9:127869426,CTGTCCAGCTGTGTAACCAA,127869426,9,MIR4672,NGG,-
737,MIR4280:5:87114943,CCCTGATTCCTTACCTTAAG,87114943,5,MIR4280,NGG,-
738,MIR6851:9:33467921,CCTCCTCCCTGAATGATCTG,33467921,9,MIR6851,NGG,-
739,MIR148B:12:54337237,TGAAGTTCTGTTATACACTC,54337237,12,MIR148B,NGG,+
740,MIR668:14:101055251,CCTTAAGGTAAGTGCGCCTC,101055251,14,MIR668,NGG,+
741,MIR7111:6:35470489,TACCTGCTCACCAGGCCACT,35470489,6,MIR7111,NGG,+
742,MIR6724-4:21:8432538,TCTGGGCCCGCGGCGGGCGT,8432538,21,MIR6724-4,NGG,+
743,MIR4665:9:6007856,CTTCCTCACGGCTCGGCCGC,6007856,9,MIR4665,NGG,-
744,MIR34C:11:111513477,AGTACCAATCACTAACCACA,111513477,11,MIR34C,NGG,+
745,MIR4670:9:92527996,TGATGTAACTTCAGACTTTT,92527996,9,MIR4670,NGG,-
746,MIR103B2:20:3917534,AGGTCAAGCAGCATTGTACA,3917534,20,MIR103B2,NGG,+
747,MIR3689D1:9:134849679,GTGAGCGTGGGATCACACCT,134849679,9,MIR3689D1,NGG,-
748,MIR6505:12:48132846,TGACTTCTACCTCTTCCAAA,48132846,12,MIR6505,NGG,+
749,MIR6879:11:65018555,CTCCTTGCCCAGATTCAAGC,65018555,11,MIR6879,NGG,-
750,MIR4786:2:239943056,GAGAGTGGTGCATCCAGTCC,239943056,2,MIR4786,NGG,+
751,MIR1266:15:52277180,TGAGGGACACTACCTGTCTA,52277180,15,MIR1266,NGG,-
752,MIR4694:11:19760026,TTTGACTCTATTTTCTGAGA,19760026,11,MIR4694,NGG,-
753,MIR4509-3:15:28490810,TCTATATCCTTTAGTTTGAG,28490810,15,MIR4509-3,NGG,-
754,MIR6830:5:132217900,CCTTCCTTGGGGCACAGAAT,132217900,5,MIR6830,NGG,-
755,MIR497:17:7017937,TCTAACACCACAGTGTGGTT,7017937,17,MIR497,NGG,+
756,MIR30A:6:71403564,ACTGAAAGCCCATCTGTGGC,71403564,6,MIR30A,NGG,-
757,MIR934:X:136550881,ATAAGGCTTCTGTCTACTAC,136550881,X,MIR934,NGG,+
758,MIR6086:X:13590283,TCATTTCAAGGAGGTTGGGA,13590283,X,MIR6086,NGG,+
759,MIR4521:17:8186958,GTGCTCAGTTTTGTAGCATC,8186958,17,MIR4521,NGG,-
760,MIR449B:5:55170706,GCTAACAATACACTGCCTAC,55170706,5,MIR449B,NGG,-
761,MIR3179-4:16:18494518,TTCTACTGCTGTAAGGCACA,18494518,16,MIR3179-4,NGG,-
762,MIR12130:5:116255777,CCATGAGTGCTTACTTTTTC,116255777,5,MIR12130,NGG,+
763,MIR10523:5:172915082,GACAATGATGAGAAGACCTG,172915082,5,MIR10523,NGG,+
764,MIR539:14:101047339,TGGTGTGTTCGCTTTATTTA,101047339,14,MIR539,NGG,-
765,MIR6760:12:111304137,GAAACAGTGCAGGGAGAAGG,111304137,12,MIR6760,NGG,+
766,MIR16-2:3:160404750,CTCTAGCAGCACGTAAATAT,160404750,3,MIR16-2,NGG,+
767,MIR3150A:8:95072960,GCTGGGGAGATCCTCGAGGT,95072960,8,MIR3150A,NGG,+
768,MIR6133:7:133290932,GACTGGTCTCTTCATGTGTG,133290932,7,MIR6133,NGG,+
769,MIR4517:16:28958589,TATGATGAAACTCACAGCTG,28958589,16,MIR4517,NGG,+
770,MIR937:8:143813028,GGGGCAGTGCTGACAGCTGG,143813028,8,MIR937,NGG,-
771,MIR4515:15:83067367,CAGGGCAGGGGCGTGGGGAG,83067367,15,MIR4515,NGG,-
772,MIR4312:15:68801841,AGGATAAACTCTGAGGAATG,68801841,15,MIR4312,NGG,+
773,MIR548AG2:20:60564584,TTGAAAGTAAAGGCAAGAAC,60564584,20,MIR548AG2,NGG,-
774,MIR6821:22:49962926,CTCCGCACAGAGTGCCAGCA,49962926,22,MIR6821,NGG,-
775,MIR1538:16:69565803,GCTCAGGAACAGCAGCAGCC,69565803,16,MIR1538,NGG,+
776,MIR10399:7:139044101,ACAGCTTGTCCGAGAGAGTA,139044101,7,MIR10399,NGG,-
777,MIR6753:11:68044944,TGGCACCCAGATGGAGGAGG,68044944,11,MIR6753,NGG,-
778,MIR369:14:101065629,TATTGACTTCGAATAATACA,101065629,14,MIR369,NGG,+
779,MIR4638:5:181222626,AGTCCGCAGGTCCTGTAATG,181222626,5,MIR4638,NGG,-
780,MIR372:19:53787883,CACCCTGTGGGCCTCAAATG,53787883,19,MIR372,NGG,+
781,MIR10398:6:41733534,TGCCCTTCATTTACACCCTC,41733534,6,MIR10398,NGG,+
782,MIR3910-1:9:91636294,TTTATATCAAGGCACATAAA,91636294,9,MIR3910-1,NGG,+
783,MIR362:X:50008961,CTCTTGAATCCTTGGAACCT,50008961,X,MIR362,NGG,+
784,MIR6798:19:49009962,CCTGTAGGGACGTGATCACC,49009962,19,MIR6798,NGG,-
785,MIR4632:1:12191757,CTCGCTGCTCTAGACCAGGT,12191757,1,MIR4632,NGG,-
786,MIR651:X:8127017,AAAGGAAAGTGTATCCTAAA,8127017,X,MIR651,NGG,+
787,MIR4671:1:234306476,AAGACTGTGCGCTAATCTCT,234306476,1,MIR4671,NGG,-
